id;name;address;city;country;phone;email;website;industry;created_at;updated_at
1;guide pleuvoir mairie;suivant;Saint-Quentin;Bhoutan;0694867365;Leonne_Roux46@yahoo.fr;sauf si bien que autrement;retracer;2025-09-29T16:24:09;2025-09-29T20:17:50
2;prestataire de services vraisemblablement;toujours;La Seyne-sur-Mer;Guinée équatoriale;0165781654;Lietald3@hotmail.fr;croâ en dépit de quasi;convertir;2025-09-29T19:14:30;2025-09-30T04:49:54
3;atchoum quand coin-coin;parvenir;Lille;Comores;+33 684760440;Venceslas_Vidal@yahoo.fr;doucement dring émérite;jeune concurrence guide;2025-09-30T02:07:55;2025-09-30T06:38:35
4;présenter pschitt;en face de grrr pendant que;Aubervilliers;Côte d’Ivoire;0506941231;Emeric36@gmail.com;jeune communauté étudiante jusqu’à ce que;broum diablement;2025-09-29T14:00:39;2025-09-30T02:42:15
5;à l'égard de insolite oups;au-dessous de tracer demeurer;Le Mans;Tuvalu;+33 466578086;Betty30@yahoo.fr;réclamer jadis tchou tchouu;étant donné que juriste;2025-09-30T06:31:11;2025-09-30T07:18:30
6;moquer à l'entour de lever;certes hier;Nancy;Honduras;0262798350;Auxane_Mercier76@gmail.com;à cause de sur avant que;mieux brave;2025-09-30T03:24:29;2025-09-30T03:22:06
7;sans;oh de façon à ce que;Saint-Pierre;Corée du Sud;+33 222603398;Apollinaire.Henry72@gmail.com;extra dynamique;personnel professionnel;2025-09-29T14:18:49;2025-09-29T13:24:40
8;passablement dans la mesure où svelte;aimable jeune enfant concernant;Cannes;Suriname;+33 770139546;Laurence_Bernard@yahoo.fr;étouffer miaou;arrière;2025-09-29T13:17:04;2025-09-29T18:54:43
9;pas mal sans que;réparer de manière à jeune enfant;Lille;Niger;0784119276;Lorraine4@hotmail.fr;dessus;intégrer;2025-09-29T18:13:55;2025-09-30T02:43:28
10;à l'entour de si;admirablement;Asnières-sur-Seine;Malaisie;0485357755;Eleuthere_Dufour7@gmail.com;gestionnaire démontrer loufoque;circulaire;2025-09-29T21:28:30;2025-09-30T06:15:47
