id;first_name;last_name;email;phone;cin;position;quality;created_at;updated_at;company_id
1;Héloïse;Louis;Almine_Dupuy@hotmail.fr;0674666506;dès à bas de;ouille;pendant que biathlète;2025-09-29T10:56:23;2025-09-29T11:34:30;1
2;Charlotte;Charles;Georgette_Paris62@yahoo.fr;0550632414;tant que altruiste entièrement;membre de l’équipe;annoncer quitte à après que;2025-09-29T23:34:27;2025-09-30T03:34:58;2
3;Isabeau;Leroy;Morgan13@gmail.com;0381065744;à même retrouver police;commis de peur que en faveur de;pourvu que partenaire diététiste;2025-09-30T06:26:13;2025-09-29T13:32:13;3
4;Isidore;Simon;Flore.Moulin6@yahoo.fr;+33 486642659;pff à l'encontre de;tant dynamique;à l'instar de;2025-09-29T12:29:26;2025-09-29T20:34:58;4
5;Mauricette;Vidal;Jacinthe.Colin@yahoo.fr;0525282616;à la merci considérable à travers;tellement à raison de population du Québec;coac coac regretter;2025-09-30T06:03:02;2025-09-30T00:54:01;5
6;Juste;Roussel;Christelle_Rousseau@yahoo.fr;0245737811;turquoise;antagoniste quand;que;2025-09-30T04:09:53;2025-09-29T10:12:39;6
7;Isabeau;Aubert;Oriane_Dubois@gmail.com;0349960908;extrêmement;de manière à ce que ha ha pour que;pin-pon;2025-09-30T02:33:02;2025-09-30T04:16:15;7
8;Orlane;Meunier;Honore.Gonzalez1@gmail.com;+33 458937467;où;personnel après;rectorat;2025-09-29T23:10:36;2025-09-29T12:27:59;8
9;Florian;Girard;Artemis_Bernard56@hotmail.fr;0123598060;consacrer;clac précisément broum;zzzz ouin large;2025-09-29T22:06:16;2025-09-29T12:04:49;9
10;Lucien;Gonzalez;Charline.Marie@hotmail.fr;0175175231;deçà magenta en face de;alors;dépouiller subito;2025-09-30T04:31:54;2025-09-30T02:02:43;10
