id;nom;prenom;relation;telephone;whatsapp;email;autorisation;remarques
1;trop concernant rudement;membre à vie spécialiste alors que;via;+33 731435086;administration espiègle;Ursule.Roger86@hotmail.fr;proche de;contre nonobstant du moment que
2;supprimer absolument;formuler;avant;0645112399;d'abord jeune finir;Romeo.Leclerc17@gmail.com;aussi pendant que conseil municipal;au point que drelin
3;apparemment;sage en outre de;avex complètement athlète;0723743727;au-delà du côté de;Mence99@hotmail.fr;aménager;parce que loin de
4;cot cot atchoum paf;boum communauté étudiante;sauvage tant électorat;+33 743125298;suffisamment;Adonis.David@hotmail.fr;admirablement;séduire près de
5;afin que;sur vorace paf;clac;0354241207;illustrer alors que;Zoe87@hotmail.fr;triathlète outre mature;atchoum à la merci
6;quand mature y;de façon à ce que économiser hi;assez;0755365514;ronron acquérir ha ha;Anselme.Philippe@hotmail.fr;dessous;porte-parole
7;triathlète bâtir;croâ;abriter étant donné que infime;+33 487140248;comme;Perceval.Charpentier97@yahoo.fr;âcre snif;assez aigre
8;accentuer;si bien que collègue;dans grrr;0205367663;séparer à défaut de;Annabelle_Mathieu24@hotmail.fr;vlan d'avec paf;de peur que sitôt que
9;sage moins quasiment;signer administration;outre toc-toc;0512966792;pendant prout;Japhet_Fernandez45@yahoo.fr;repentir du fait que chef de cuisine;malgré de peur que par
10;super broum gestionnaire;après que jusque;équipe de recherche fonctionner si;+33 311932814;même pratiquer;Odette.Rolland49@yahoo.fr;assez;incalculable
