id;reference;date_demande;service_principal;type_demande;provenance;remarque_generale
1;tendre membre à vie blême;2025-10-05T03:32:06;IMPORT;PROFORMA;coin-coin monter;administration conquérir
2;vlan tout pousser;2025-10-05T09:59:15;IMPORT;NEGOCIATION;hôte;partenaire
3;ouch;2025-10-05T15:13:59;EXPORT;AUTRE;demander ci;vu que toutefois téméraire
4;trop peu même si;2025-10-05T15:42:16;EXPORT;SOURCING;du fait que;vers ouch tout à fait
5;peut-être sauf;2025-10-05T17:51:51;IMPORT;NEGOCIATION;à la merci apparemment pointer;grrr ah
6;miaou lorsque;2025-10-05T02:31:10;IMPORT;AUTRE;administration;de façon à ce que
7;jeune à seule fin de;2025-10-05T20:24:15;IMPORT;NEGOCIATION;timide immense;géométrique
8;près tellement afin que;2025-10-05T16:33:08;IMPORT;PROFORMA;changer énergique aux environs de;jeune enfant au lieu de impromptu
9;dense;2025-10-05T07:16:27;IMPORT;PROFORMA;vaste ainsi;zzzz
10;groin groin oups ouch;2025-10-05T12:13:52;IMPORT;PROFORMA;que si bien que;gratis
