id;entity_name;entity_id;action;field_changed;old_value;new_value;performed_by;performed_date;details;ip_address;user_agent
1;résigner si bien que délégation;28655;bof blablabla;quand ? en outre de mater;solitaire smack;multiple;pin-pon marquer;2025-10-05T18:33:05;../fake-data/blob/hipster.txt;pour;intrépide
2;d’autant que jeune enfant ailleurs;17146;prout zzzz;plic à l'instar de;certainement membre de l’équipe plouf;emprunter;juriste;2025-10-05T02:00:09;../fake-data/blob/hipster.txt;depuis;si smack
3;au-dessous;19579;hormis;où afin que arracher;causer du côté de;considérer à l'insu de trop;miam sympathique lorsque;2025-10-05T04:50:14;../fake-data/blob/hipster.txt;quoique hôte habile;redire pff
4;pff vis-à-vie de porte-parole;8451;aménager;à seule fin de à l'exception de;de crainte que triste tant;envisager;loin au lieu de;2025-10-05T05:17:17;../fake-data/blob/hipster.txt;du côté de;actionnaire à moins de
5;chut;5144;dès que après-demain de façon à ce que;infiniment;délégation horrible lors de;ouf;gigantesque;2025-10-05T03:55:42;../fake-data/blob/hipster.txt;insulter en vérité;derrière pschitt
6;à moins de alors;18909;secouer toutefois à l'insu de;avant insipide;auprès de au point que rater;psitt à seule fin de;autour de areu areu;2025-10-05T15:04:47;../fake-data/blob/hipster.txt;concernant;timide ouch trop
7;badaboum à l'instar de;30082;en dépit de;recommander;désagréable;dans la mesure où;blablabla puisque;2025-10-05T11:59:15;../fake-data/blob/hipster.txt;aimable;un peu chef de cuisine
8;vers renforcer pallier;7403;membre à vie;mairie;à l'insu de antique démarrer;rectorat commis de cuisine absolument;simplifier équilibrer;2025-10-05T06:36:24;../fake-data/blob/hipster.txt;devant touchant du moment que;là sus adversaire
9;vroum;31170;comme ouille;tousser de façon à ce que maigre;quand tchou tchouu;de manière à ce que tant;si bien que;2025-10-05T13:02:39;../fake-data/blob/hipster.txt;même si;sauf à
10;sans que ronfler mairie;18461;si;camarade sans doute;adapter;en dehors de;assez;2025-10-05T19:26:55;../fake-data/blob/hipster.txt;hi;prou main-d’œuvre
